{
  "batch_size": 64,
  "learning_rate": 0.0007449001101296834,
  "sigma_motifs": 8.068189802601567e-07,
  "sigma_net": 0.00015594886317375233
}