{
  "batch_size": 512,
  "learning_rate": 1.3161868682916095e-05,
  "sigma_motifs": 0.00020779229706642717,
  "sigma_net": 1.1323635766881059e-05
}