{
  "batch_size": 64,
  "learning_rate": 1.1793859577266047e-05,
  "sigma_motifs": 1.0642432362017014e-05,
  "sigma_net": 0.0030262424637898066
}