{
  "batch_size": 128,
  "learning_rate": 0.009527227626615923,
  "sigma_motifs": 2.2866472304054364e-06,
  "sigma_net": 0.0002526876771941822
}