{
  "batch_size": 256,
  "learning_rate": 3.719053726578921e-05,
  "sigma_motifs": 0.0001746552878381461,
  "sigma_net": 1.745684374174382e-05
}