{
  "batch_size": 128,
  "learning_rate": 0.0021387171433009575,
  "sigma_motifs": 7.18092243918592e-05,
  "sigma_net": 0.0014882358308796581
}