{
  "batch_size": 128,
  "learning_rate": 0.0013060360332211862,
  "sigma_motifs": 0.0005190181387995094,
  "sigma_net": 3.348749680994902e-05
}