{
  "batch_size": 64,
  "learning_rate": 0.0003538299804752969,
  "sigma_motifs": 2.2096453969943416e-06,
  "sigma_net": 0.0034148789088069825
}