{
  "batch_size": 512,
  "learning_rate": 0.007095098754710165,
  "sigma_motifs": 3.7373456027092154e-06,
  "sigma_net": 0.005658046312553841
}