{
  "batch_size": 64,
  "learning_rate": 0.006528620141509282,
  "sigma_motifs": 0.0003925987877593543,
  "sigma_net": 0.00014722588402361542
}