{
  "batch_size": 512,
  "learning_rate": 0.0002448430543341074,
  "sigma_motifs": 1.6526260308341367e-06,
  "sigma_net": 0.0005044349590098873
}