{
  "batch_size": 64,
  "learning_rate": 0.0001368420395533894,
  "sigma_motifs": 9.500182106089712e-05,
  "sigma_net": 9.793175264002719e-05
}