{
  "batch_size": 64,
  "learning_rate": 0.001351825872406331,
  "sigma_motifs": 8.625938150846791e-05,
  "sigma_net": 0.0006807812487600589
}