{
  "batch_size": 64,
  "learning_rate": 0.005166225138410247,
  "sigma_motifs": 4.0582578628783465e-06,
  "sigma_net": 3.645523419773864e-05
}