{
  "batch_size": 256,
  "learning_rate": 1.1022843782416778e-05,
  "sigma_motifs": 0.00043924798431216447,
  "sigma_net": 0.009324403152987932
}