{
  "batch_size": 512,
  "learning_rate": 0.00047291383272124254,
  "sigma_motifs": 2.260756304819117e-07,
  "sigma_net": 1.248760334829335e-05
}