{
  "batch_size": 128,
  "learning_rate": 4.946160483389404e-05,
  "sigma_motifs": 1.2140493264903848e-06,
  "sigma_net": 1.614065519778667e-05
}