{
  "batch_size": 256,
  "learning_rate": 0.00019213325526614753,
  "sigma_motifs": 1.038091927845185e-05,
  "sigma_net": 0.0003640599503661245
}