{
  "batch_size": 256,
  "learning_rate": 0.0021950704252291786,
  "sigma_motifs": 1.0316157345003242e-05,
  "sigma_net": 1.668627391534351e-05
}