{
  "batch_size": 256,
  "learning_rate": 0.00010286595235614708,
  "sigma_motifs": 0.0009021420210980302,
  "sigma_net": 0.0003489185430153528
}